msa_a_code,year_month,total_jobs,remote_jobs,remote_share,msa_city_x,msa_state_x,total_inflow,total_outflow,net_migration,gross_migration,city_state,msa_city_y,msa_state_y,housing_cost,food_cost,transportation_cost,healthcare_cost,other_necessities_cost,childcare_cost,taxes,total_cost,median_family_income
10180,2024-04-01,60,3,0.05,Abilene,TX,15289,12714,1360,26788,"abilene, tx",Abilene,TX,7100.93256,2977.66092,11279.66604,5389.47984,3651.87192,0.0,4524.73644,34924.3476,65228.09765625
10180,2024-04-01,60,3,0.05,Abilene,TX,15289,12714,1360,26788,"abilene, tx",Abilene,TX,6801.55224,3008.78664,11601.68256,5389.47984,3554.67264,0.0,4516.06824,34872.2436,64231.05078125
10180,2024-04-01,60,3,0.05,Abilene,TX,15289,12714,1360,26788,"abilene, tx",Abilene,TX,8653.96944,3019.1616,9837.8064,5389.47984,4229.63568,0.0,4670.45328,35800.506,66940.84375
10420,2024-04-01,124,7,0.056451612903225805,Akron,OH,31107,29891,-826,58956,"akron, oh",Akron,OH,7033.3674,3164.41296,10078.66848,4309.34988,3695.05812,0.0,4613.7264,32894.5836,77102.3125
10420,2024-04-01,124,7,0.056451612903225805,Akron,OH,31107,29891,-826,58956,"akron, oh",Akron,OH,6730.76952,3257.7894,9199.8018,4309.34988,3619.24872,0.0,4344.77928,31461.738,77673.2265625
10500,2024-04-01,14,3,0.21428571428571427,Albany,GA,7915,8209,-725,15693,"albany, ga",Albany,GA,5137.94424,3164.41296,11873.94576,5149.47984,3008.27148,0.0,5343.16812,33677.2236,52946.23046875
10500,2024-04-01,14,3,0.21428571428571427,Albany,GA,7915,8209,-725,15693,"albany, ga",Albany,GA,7471.55268,3133.28796,9596.70192,5149.47984,3842.5518,0.0,5567.26944,34760.8452,48077.0234375
10500,2024-04-01,14,3,0.21428571428571427,Albany,GA,7915,8209,-725,15693,"albany, ga",Albany,GA,8823.64308,3527.54256,11203.60176,5149.47984,4475.32176,0.0,6602.60964,39782.1972,81660.3984375
10500,2024-04-01,14,3,0.21428571428571427,Albany,GA,7915,8209,-725,15693,"albany, ga",Albany,GA,6389.87988,3195.53868,11378.77656,5149.47984,3473.17524,0.0,5669.68548,35256.5364,42230.2734375
10500,2024-04-01,14,3,0.21428571428571427,Albany,GA,7915,8209,-725,15693,"albany, ga",Albany,GA,7231.18068,2915.41044,10961.30196,5149.47984,3676.5102,0.0,5760.01572,35693.9004,54441.2890625
10740,2024-04-01,219,3,0.0136986301369863,Albuquerque,NM,36377,36067,-3958,68176,"albuquerque, nm",Albuquerque,NM,7246.40484,3216.28896,9040.54464,3476.37996,3791.04636,0.0,4374.73248,31145.3964,69691.7109375
10740,2024-04-01,219,3,0.0136986301369863,Albuquerque,NM,36377,36067,-3958,68176,"albuquerque, nm",Albuquerque,NM,9261.13692,3309.66504,10737.30756,3476.37996,4554.8976,0.0,5561.24232,36900.63,76715.203125
10740,2024-04-01,219,3,0.0136986301369863,Albuquerque,NM,36377,36067,-3958,68176,"albuquerque, nm",Albuquerque,NM,6251.47488,3268.16496,11807.79276,3476.37996,3449.3412,0.0,4765.61904,33018.774,51122.58984375
10740,2024-04-01,219,3,0.0136986301369863,Albuquerque,NM,36377,36067,-3958,68176,"albuquerque, nm",Albuquerque,NM,7262.9868,3091.78752,10733.5854,3476.37996,3751.94316,0.0,4782.33984,33099.024,56368.64453125
10780,2024-04-01,39,1,0.02564102564102564,Alexandria,LA,7257,6345,361,13051,"alexandria, la",Alexandria,LA,5713.15572,3226.66368,11461.0056,5545.47984,3239.24928,0.0,5148.8046,34334.358,53466.83203125
10780,2024-04-01,39,1,0.02564102564102564,Alexandria,LA,7257,6345,361,13051,"alexandria, la",Alexandria,LA,6569.32908,2936.16048,10604.88132,5545.47984,3444.21384,0.0,5128.60368,34228.6668,59113.34765625
11020,2024-04-01,17,2,0.11764705882352941,Altoona,PA,5108,4946,-27,9865,"altoona, pa",Altoona,PA,6888.0,3185.16324,10100.3694,3508.53996,3649.90428,0.0,4813.1484,32145.126,66065.984375
11100,2024-04-01,33,1,0.030303030303030304,Amarillo,TX,12705,15075,-3107,27043,"amarillo, tx",,,,,,,,,,,
11180,2024-04-01,22,0,0.0,Ames,IA,14240,11710,1592,25012,"ames, ia",Ames,IA,8988.0,3205.9134,10387.00344,4741.34988,4418.33568,0.0,6188.38848,37928.9916,90880.265625
11260,2024-04-01,112,5,0.044642857142857144,Anchorage,AK,22938,27239,-7192,47286,"anchorage, ak",,,,,,,,,,,
11460,2024-04-01,130,10,0.07692307692307693,Ann Arbor,MI,40099,29052,5281,63385,"ann arbor, mi",Ann Arbor,MI,12348.0,3517.16784,9747.936,4117.34988,5748.57564,0.0,6177.28488,41656.3152,104837.9140625
11540,2024-04-01,53,2,0.03773584905660377,Appleton,WI,10641,14484,-4089,24879,"appleton, wi",Appleton,WI,6894.22116,3008.78664,10696.71096,4993.34988,3588.25044,0.0,5118.5958,34299.9144,93110.53125
11540,2024-04-01,53,2,0.03773584905660377,Appleton,WI,10641,14484,-4089,24879,"appleton, wi",Appleton,WI,7142.02368,3216.28896,9898.56816,4993.34988,3753.22524,0.0,5062.90428,34066.3596,84400.9921875
11700,2024-04-01,117,3,0.02564102564102564,Asheville,NC,24071,19866,2649,42381,"asheville, nc",,,,,,,,,,,
12540,2024-04-01,80,5,0.0625,Bakersfield,CA,41076,35742,1851,73335,"bakersfield, ca",Bakersfield,CA,8808.0,3154.03824,11521.0986,4568.37996,4334.31852,0.0,5551.84752,37937.6832,61059.18359375
12620,2024-04-01,22,2,0.09090909090909091,Bangor,ME,9701,7609,1589,16807,"bangor, me",,,,,,,,,,,
12940,2024-04-01,106,5,0.04716981132075472,Baton Rouge,LA,31617,28172,1056,57400,"baton rouge, la",,,,,,,,,,,
12980,2024-04-01,20,1,0.05,Battle Creek,MI,7195,6956,-112,13800,"battle creek, mi",Battle Creek,MI,6624.0,3039.912,10082.6982,4609.34988,3501.61632,0.0,4867.623,32725.1988,62650.765625
13020,2024-04-01,6,2,0.3333333333333333,Bay City,MI,4932,4362,429,9153,"bay city, mi",Bay City,MI,6144.0,2925.78516,9747.18168,4213.34988,3286.34064,0.0,4514.78508,30831.4428,62841.75390625
13220,2024-04-01,6,1,0.16666666666666666,Beckley,WV,4354,5055,-909,9201,"beckley, wv",,,,,,,,,,,
13380,2024-04-01,32,2,0.0625,Bellingham,WA,16804,12224,3387,27835,"bellingham, wa",Bellingham,WA,10884.0,3693.54456,10900.0854,4532.37996,5282.01924,0.0,5498.99232,40791.0204,83326.9296875
13460,2024-04-01,31,3,0.0967741935483871,Bend,OR,15956,11774,2997,26545,"bend, or",,,,,,,,,,,
13740,2024-04-01,49,3,0.061224489795918366,Billings,MT,9008,9656,-991,18321,"billings, mt",,,,,,,,,,,
13780,2024-04-01,36,2,0.05555555555555555,Binghamton,NY,13111,10350,1404,22104,"binghamton, ny",Binghamton,NY,7617.75288,3226.66368,9691.185,5620.53996,3929.35992,0.0,5772.8496,35858.3496,70619.9609375
13780,2024-04-01,36,2,0.05555555555555555,Binghamton,NY,13111,10350,1404,22104,"binghamton, ny",Binghamton,NY,7372.33596,3465.29184,11178.37128,5620.53996,3926.89968,0.0,6163.2048,37726.644,79990.7734375
13900,2024-04-01,32,3,0.09375,Bismarck,ND,6506,5990,-20,11960,"bismarck, nd",,,,,,,,,,,
14010,2024-04-01,20,1,0.05,Bloomington,IL,12491,10729,1059,22517,"bloomington, il",,,,,,,,,,,
14020,2024-04-01,32,4,0.125,Bloomington,IN,21385,10722,8797,30241,"bloomington, in",,,,,,,,,,,
14500,2024-04-01,84,12,0.14285714285714285,Boulder,CO,38998,28712,7328,64752,"boulder, co",Boulder,CO,15348.0,4098.17472,10400.7546,3968.37996,7046.11596,0.0,8082.62916,48944.0532,115841.3828125
14540,2024-04-01,32,0,0.0,Bowling Green,KY,15272,7352,7325,22029,"bowling green, ky",,,,,,,,,,,
15260,2024-04-01,15,1,0.06666666666666667,Brunswick,GA,7040,5817,1037,12671,"brunswick, ga",Brunswick,GA,5909.11152,3320.04012,11101.00344,4453.47984,3344.0856,0.0,5289.31824,33417.0384,51319.73828125
15260,2024-04-01,15,1,0.06666666666666667,Brunswick,GA,7040,5817,1037,12671,"brunswick, ga",Brunswick,GA,8455.15944,3610.54356,10361.8206,4453.47984,4371.87996,0.0,6102.88296,37355.766,68852.796875
15260,2024-04-01,15,1,0.06666666666666667,Brunswick,GA,7040,5817,1037,12671,"brunswick, ga",Brunswick,GA,7723.6458,3309.66504,11103.81372,4453.47984,3997.8036,0.0,5930.24016,36518.6484,70091.1484375
15500,2024-04-01,36,3,0.08333333333333333,Burlington,NC,10167,7913,1524,17350,"burlington, nc",Burlington,NC,7632.0,3102.1626,10306.90572,4573.47984,3889.41024,0.0,5510.61516,35014.5732,66801.1953125
16180,2024-04-01,30,2,0.06666666666666667,Carson City,NV,5315,3887,1318,9092,"carson city, nv",Carson City,NV,8100.0,3361.54068,10185.73092,5744.37996,4152.96828,0.0,4753.10748,36297.726,73747.671875
16220,2024-04-01,17,0,0.0,Casper,WY,3276,4784,-1646,7922,"casper, wy",Casper,WY,7116.0,3247.41468,10247.154,7148.38032,3755.07384,0.0,4747.0038,36261.0264,79533.8359375
16300,2024-04-01,94,2,0.02127659574468085,Cedar Rapids,IA,13062,11485,1117,24087,"cedar rapids, ia",,,,,,,,,,,
16620,2024-04-01,31,3,0.0967741935483871,Charleston,WV,7656,9821,-2557,17085,"charleston, wv",,,,,,,,,,,
16820,2024-04-01,147,7,0.047619047619047616,Charlottesville,VA,18292,15360,1170,31890,"charlottesville, va",,,,,,,,,,,
16940,2024-04-01,42,4,0.09523809523809523,Cheyenne,WY,7421,6472,613,13557,"cheyenne, wy",Cheyenne,WY,8304.0,3268.16496,10153.13604,6584.38032,4193.05152,0.0,4944.0216,37446.756,82057.7734375
17020,2024-04-01,16,1,0.0625,Chico,CA,14413,14444,-366,28522,"chico, ca",Chico,CA,9900.0,3496.41756,11021.9568,6260.38032,4854.05052,0.0,6424.5198,41957.3256,69683.4921875
17420,2024-04-01,14,1,0.07142857142857142,Cleveland,TN,6548,7139,-1013,13265,"cleveland, tn",Cleveland,TN,6519.02712,3413.41668,10554.00588,5125.47984,3598.91604,0.0,4287.35748,33498.2016,63931.21484375
17420,2024-04-01,14,1,0.07142857142857142,Cleveland,TN,6548,7139,-1013,13265,"cleveland, tn",Cleveland,TN,5772.31752,3247.41468,11701.30296,5125.47984,3268.2048,0.0,4268.1522,33382.872,56055.4609375
17660,2024-04-01,24,0,0.0,Coeur d'Alene,ID,10513,8546,1690,18782,"coeur d'alene, id",Coeur d'Alene,ID,8148.0,3496.41756,10802.6748,4760.37996,4219.23192,0.0,5995.66008,37422.3636,69526.390625
17820,2024-04-01,226,8,0.035398230088495575,Colorado Springs,CO,71177,59485,5643,124613,"colorado springs, co",,,,,,,,,,,
17860,2024-04-01,77,7,0.09090909090909091,Columbia,MO,18028,14973,1467,31413,"columbia, mo",Columbia,MO,8064.0,3216.28896,9808.93584,5905.34988,4087.29348,0.0,5668.84752,36750.7152,80198.1953125
17900,2024-04-01,165,11,0.06666666666666667,Columbia,SC,61187,38222,18787,95231,"columbia, sc",,,,,,,,,,,
18020,2024-04-01,30,0,0.0,Columbus,IN,6052,4597,-64,9130,"columbus, in",Columbus,IN,9120.0,2946.53544,10422.3018,4897.34988,4372.18176,0.0,5774.75976,37533.1284,79837.78125
18140,2024-04-01,503,32,0.0636182902584493,Columbus,OH,90745,76321,3219,155861,"columbus, oh",,,,,,,,,,,
18580,2024-04-01,99,5,0.050505050505050504,Corpus Christi,TX,22345,19818,1100,40736,"corpus christi, tx",,,,,,,,,,,
18700,2024-04-01,15,2,0.13333333333333333,Corvallis,OR,13403,10678,1039,22395,"corvallis, or",Corvallis,OR,11184.0,3548.29284,11380.68756,4604.37996,5338.09056,0.0,8284.66044,44340.1116,88029.796875
19140,2024-04-01,22,2,0.09090909090909091,Dalton,GA,4330,5406,-1191,9621,"dalton, ga",,,,,,,,,,,
19180,2024-04-01,8,0,0.0,Danville,IL,1995,3879,-2017,5741,"danville, il",Danville,IL,6288.0,2884.28484,10213.92192,5953.34988,3323.4804,0.0,5600.48256,34263.5184,60739.83984375
19460,2024-04-01,21,0,0.0,Decatur,AL,6106,5547,454,11548,"decatur, al",Decatur,AL,5285.18256,3288.91512,11432.25876,5569.47984,3106.734,0.0,5390.17968,34072.7496,56912.859375
19460,2024-04-01,21,0,0.0,Decatur,AL,6106,5547,454,11548,"decatur, al",Decatur,AL,6311.52468,3216.28896,10529.79492,5569.47984,3452.30268,0.0,5485.69152,34565.0832,65752.8046875
19500,2024-04-01,30,3,0.1,Decatur,IL,4843,4590,-4,9176,"decatur, il",Decatur,IL,6108.0,2873.90976,9874.78128,6013.34988,3254.50008,0.0,5465.70888,33590.25,70810.953125
20020,2024-04-01,17,1,0.058823529411764705,Dothan,AL,5635,7465,-2104,12826,"dothan, al",,,,,,,,,,,
20100,2024-04-01,39,4,0.10256410256410256,Dover,DE,11822,9173,2237,20583,"dover, de",Dover,DE,10536.0,3133.28796,10270.72416,5689.47984,4952.922,0.0,6816.50028,41398.9128,72821.4765625
20220,2024-04-01,30,0,0.0,Dubuque,IA,4985,4149,606,8904,"dubuque, ia",Dubuque,IA,6384.0,3081.41232,9831.23952,4597.34988,3429.69216,0.0,5055.6288,32379.3228,81791.828125
20700,2024-04-01,7,3,0.42857142857142855,East Stroudsburg,PA,11103,8866,1811,19543,"east stroudsburg, pa",East Stroudsburg,PA,9888.0,3351.16548,10649.34672,4144.53996,4797.07176,0.0,6080.35548,38910.48,79168.2890625
20740,2024-04-01,28,2,0.07142857142857142,Eau Claire,WI,10992,7717,2925,18359,"eau claire, wi",Eau Claire,WI,6864.61884,2884.28484,10901.37672,6433.34988,3532.41216,0.0,5513.58216,36129.624,74477.75
20740,2024-04-01,28,2,0.07142857142857142,Eau Claire,WI,10992,7717,2925,18359,"eau claire, wi",Eau Claire,WI,6881.34084,3237.03924,9458.92524,6433.34988,3666.28824,0.0,5255.03316,34931.976,81198.3203125
20940,2024-04-01,6,3,0.5,El Centro,CA,6021,7172,-2763,11581,"el centro, ca",El Centro,CA,8496.0,2811.65916,11703.29952,5072.37996,4097.21076,0.0,5498.05848,37678.608,56738.30078125
21300,2024-04-01,9,2,0.2222222222222222,Elmira,NY,3006,5121,-2315,7927,"elmira, ny",Elmira,NY,8748.0,2936.16048,10331.53128,5620.53996,4233.63204,0.0,6244.01148,38113.8756,71830.5859375
21340,2024-04-01,113,6,0.05309734513274336,El Paso,TX,43164,42664,-7599,77729,"el paso, tx",,,,,,,,,,,
21420,2024-04-01,13,0,0.0,Enid,OK,4490,3625,-294,6956,"enid, ok",Enid,OK,6624.0,3060.66216,10967.16504,5425.47984,3509.13504,0.0,5457.89064,35044.3332,68599.1640625
21500,2024-04-01,62,1,0.016129032258064516,Erie,PA,12001,12405,-1330,23480,"erie, pa",Erie,PA,7488.0,3174.7884,9381.34716,3508.53996,3863.54844,0.0,4832.62092,32248.8456,68354.78125
21820,2024-04-01,25,2,0.08,Fairbanks,AK,10026,10717,-1716,19718,"fairbanks, ak",Fairbanks,AK,10296.0,3184.326,10703.91132,6080.37996,4884.45372,0.0,5470.578,40619.6484,92407.15625
22140,2024-04-01,9,0,0.0,Farmington,NM,4707,6011,-1496,10526,"farmington, nm",Farmington,NM,8244.0,2956.91076,10625.3166,3620.37996,4058.53164,0.0,5093.40816,34598.5464,58600.9609375
22180,2024-04-01,131,0,0.0,Fayetteville,NC,50855,44409,1830,90648,"fayetteville, nc",,,,,,,,,,,
22380,2024-04-01,19,1,0.05263157894736842,Flagstaff,AZ,19992,12983,6157,32123,"flagstaff, az",Flagstaff,AZ,12312.0,3413.41668,11049.8232,6488.38032,5697.93864,0.0,7062.44532,46024.0044,77820.0625
22420,2024-04-01,44,1,0.022727272727272728,Flint,MI,14095,18051,-4531,31571,"flint, mi",Flint,MI,6192.0,3029.53656,9839.10648,3685.34988,3341.3262,0.0,4446.59952,30533.9184,62796.57421875
22500,2024-04-01,39,2,0.05128205128205128,Florence,SC,7163,8185,-1316,15054,"florence, sc",,,,,,,,,,,
22540,2024-04-01,23,3,0.13043478260869565,Fond du Lac,WI,5751,4351,1268,9970,"fond du lac, wi",Fond du Lac,WI,6984.0,3164.41296,10301.00688,4657.34988,3677.1702,0.0,5006.95896,33790.8984,80297.796875
22660,2024-04-01,74,2,0.02702702702702703,Fort Collins,CO,33342,26716,5074,58506,"fort collins, co",Fort Collins,CO,12048.0,3620.91876,10566.15084,4616.37996,5677.467,0.0,7018.66044,43547.5776,94303.703125
23060,2024-04-01,113,2,0.017699115044247787,Fort Wayne,IN,17764,17352,-1435,33269,"fort wayne, in",Fort Wayne,IN,6358.55856,3029.53656,9661.64868,5197.34988,3401.67696,0.0,4818.498,32467.2684,70590.1796875
23060,2024-04-01,113,2,0.017699115044247787,Fort Wayne,IN,17764,17352,-1435,33269,"fort wayne, in",Fort Wayne,IN,5774.52576,2873.90976,10983.67308,5053.34988,3133.6692,0.0,4858.23228,32677.3596,73693.25
23060,2024-04-01,113,2,0.017699115044247787,Fort Wayne,IN,17764,17352,-1435,33269,"fort wayne, in",Fort Wayne,IN,5939.04204,2697.53244,11252.094,5053.34988,3129.37176,0.0,4917.04872,32988.4392,76611.4921875
23420,2024-04-01,120,2,0.016666666666666666,Fresno,CA,33237,27786,1110,56682,"fresno, ca",Fresno,CA,9540.0,3185.16324,11042.7744,4376.37996,4610.82864,0.0,5648.61912,38403.7644,62295.484375
23460,2024-04-01,25,1,0.04,Gadsden,AL,4502,4332,7,8671,"gadsden, al",Gadsden,AL,6684.0,3143.66268,10559.24856,5497.47984,3560.94984,0.0,5573.61324,35018.9532,58943.921875
23540,2024-04-01,48,1,0.020833333333333332,Gainesville,FL,31203,25966,2110,54042,"gainesville, fl",Gainesville,FL,9751.86624,3620.91876,9493.14624,5377.47984,4845.48708,0.0,5060.7462,38149.644,77956.6328125
23540,2024-04-01,48,1,0.020833333333333332,Gainesville,FL,31203,25966,2110,54042,"gainesville, fl",Gainesville,FL,6398.73192,3434.16648,11234.89752,6061.47984,3562.8468,0.0,4583.09952,35275.2216,51923.51171875
23580,2024-04-01,48,2,0.041666666666666664,Gainesville,GA,13192,9561,3198,22320,"gainesville, ga",Gainesville,GA,9132.0,3185.16324,10652.9238,4993.47984,4462.99404,0.0,6407.44332,38834.004,74210.7734375
23900,2024-04-01,14,1,0.07142857142857142,Gettysburg,PA,5993,6339,-488,12190,"gettysburg, pa",Gettysburg,PA,8352.0,3766.17036,11112.16548,5500.53996,4390.89108,0.0,6147.40644,39269.1744,83362.875
24020,2024-04-01,18,0,0.0,Glens Falls,NY,6014,6870,-1128,12612,"glens falls, ny",Glens Falls,NY,8435.48952,3423.7914,10514.00028,5668.53996,4297.0854,0.0,6367.656,38706.5628,82548.6015625
24020,2024-04-01,18,0,0.0,Glens Falls,NY,6014,6870,-1128,12612,"glens falls, ny",Glens Falls,NY,7763.55612,3984.048,11222.74512,5668.53996,4256.6202,0.0,6514.26564,39409.7748,70658.984375
24140,2024-04-01,10,0,0.0,Goldsboro,NC,8133,7835,-423,15247,"goldsboro, nc",Goldsboro,NC,7476.0,2894.66016,10564.845,6133.47984,3757.6992,0.0,5847.82032,36674.5044,56049.30078125
24260,2024-04-01,14,0,0.0,Grand Island,NE,3447,5195,-2083,8307,"grand island, ne",,,,,,,,,,,
24300,2024-04-01,30,1,0.03333333333333333,Grand Junction,CO,10451,7844,2307,17995,"grand junction, co",Grand Junction,CO,8088.0,3309.66504,10489.42452,4172.37996,4129.8234,0.0,5453.76564,35643.0588,71167.2578125
24420,2024-04-01,7,0,0.0,Grants Pass,OR,5574,5151,321,10623,"grants pass, or",Grants Pass,OR,9828.0,3371.91576,11029.09128,5396.37996,4782.8496,0.0,7828.26564,42236.502,55987.69140625
24500,2024-04-01,7,0,0.0,Great Falls,MT,6303,5661,237,11559,"great falls, mt",Great Falls,MT,7308.0,3226.66368,10386.2988,5060.37996,3817.12428,0.0,5644.74024,35443.2072,66136.8359375
24540,2024-04-01,26,1,0.038461538461538464,Greeley,CO,28378,17106,10261,44473,"greeley, co",Greeley,CO,9924.0,3527.54256,11206.74684,4460.37996,4874.0244,0.0,6393.97632,40386.6708,86818.140625
24580,2024-04-01,55,2,0.03636363636363636,Green Bay,WI,13821,11870,1151,24891,"green bay, wi",,,,,,,,,,,
24780,2024-04-01,63,2,0.031746031746031744,Greenville,NC,21187,10167,10585,30919,"greenville, nc",Greenville,NC,8400.0,3039.912,10007.061,6133.47984,4145.13132,0.0,6076.60728,37802.1912,65777.453125
25220,2024-04-01,17,3,0.17647058823529413,Hammond,LA,6704,5825,728,12378,"hammond, la",Hammond,LA,8268.0,3309.66504,10425.3618,6121.47984,4195.04484,0.0,5888.08596,38207.6364,62035.6953125
25500,2024-04-01,13,2,0.15384615384615385,Harrisonburg,VA,13782,8060,4940,21060,"harrisonburg, va",Harrisonburg,VA,8525.01192,3102.1626,11376.61008,5473.47984,4212.984,0.0,6495.55296,39185.8008,74238.5
25500,2024-04-01,13,2,0.15384615384615385,Harrisonburg,VA,13782,8060,4940,21060,"harrisonburg, va",Harrisonburg,VA,8299.43256,3257.7894,9408.01104,5473.47984,4187.63712,0.0,5960.06436,36586.4148,65111.0390625
25620,2024-04-01,15,2,0.13333333333333333,Hattiesburg,MS,11236,8807,2039,19653,"hattiesburg, ms",Hattiesburg,MS,6324.70536,3465.29184,9986.65728,5833.47984,3547.30224,0.0,5259.87888,34417.3152,52137.09375
25620,2024-04-01,15,2,0.13333333333333333,Hattiesburg,MS,11236,8807,2039,19653,"hattiesburg, ms",Hattiesburg,MS,7584.73752,3226.66368,10656.33624,5833.47984,3917.39688,0.0,5781.1212,36999.7356,80898.4921875
25620,2024-04-01,15,2,0.13333333333333333,Hattiesburg,MS,11236,8807,2039,19653,"hattiesburg, ms",Hattiesburg,MS,4974.67128,3205.9134,11508.69576,5833.47984,2964.14844,0.0,5089.8966,33576.8052,52224.37109375
26300,2024-04-01,10,1,0.1,Hot Springs,AR,6124,4747,1218,10712,"hot springs, ar",Hot Springs,AR,6828.0,3091.78752,10378.23264,4753.47984,3594.33,0.0,5210.40816,33856.2396,60081.64453125
26620,2024-04-01,195,14,0.07179487179487179,Huntsville,AL,24922,19266,3860,42392,"huntsville, al",Huntsville,AL,5885.985,3299.28996,11599.43256,6061.47984,3328.18728,0.0,5748.6954,35923.0692,77252.234375
26620,2024-04-01,195,14,0.07179487179487179,Huntsville,AL,24922,19266,3860,42392,"huntsville, al",Huntsville,AL,7299.98436,3288.91512,10380.50688,6061.47984,3836.77584,0.0,5915.076,36782.7396,87831.6171875
26820,2024-04-01,25,2,0.08,Idaho Falls,ID,10155,7475,2147,17097,"idaho falls, id",,,,,,,,,,,
26980,2024-04-01,17,1,0.058823529411764705,Iowa City,IA,18176,13187,3056,29430,"iowa city, ia",,,,,,,,,,,
27060,2024-04-01,19,4,0.21052631578947367,Ithaca,NY,15535,8948,4440,22336,"ithaca, ny",Ithaca,NY,11760.0,3631.29384,9919.67652,5620.53996,5576.87256,0.0,7444.18356,43952.5668,88545.265625
27100,2024-04-01,32,4,0.125,Jackson,MI,8991,8243,506,16992,"jackson, mi",Jackson,MI,7512.0,2936.16048,10299.70236,4657.34988,3785.78064,0.0,5111.44152,34302.4332,67281.75
27140,2024-04-01,59,3,0.05084745762711865,Jackson,MS,23556,21699,519,43917,"jackson, ms",,,,,,,,,,,
27180,2024-04-01,28,2,0.07142857142857142,Jackson,TN,8361,6872,1161,14905,"jackson, tn",,,,,,,,,,,
27260,2024-04-01,412,20,0.04854368932038835,Jacksonville,FL,90862,65168,17410,147746,"jacksonville, fl",,,,,,,,,,,
27340,2024-04-01,32,2,0.0625,Jacksonville,NC,31851,25154,4370,54678,"jacksonville, nc",Jacksonville,NC,8292.0,3060.66216,10470.29292,5461.47984,4113.51708,0.0,5993.25,37391.2032,58307.2890625
27620,2024-04-01,33,3,0.09090909090909091,Jefferson City,MO,8521,7939,449,16327,"jefferson city, mo",,,,,,,,,,,
27740,2024-04-01,27,1,0.037037037037037035,Johnson City,TN,12627,10224,1260,21708,"johnson city, tn",Johnson City,TN,6547.33524,3423.7914,10666.26492,4981.47984,3612.9324,0.0,4291.545,33523.3476,51702.74609375
27740,2024-04-01,27,1,0.037037037037037035,Johnson City,TN,12627,10224,1260,21708,"johnson city, tn",Johnson City,TN,6526.61568,3226.66368,11053.0488,4981.47984,3533.99784,0.0,4309.52928,33631.3356,51131.828125
27740,2024-04-01,27,1,0.037037037037037035,Johnson City,TN,12627,10224,1260,21708,"johnson city, tn",Johnson City,TN,7842.29808,3257.7894,9964.437,4981.47984,4021.99956,0.0,4458.54672,34526.5512,67423.453125
27780,2024-04-01,12,2,0.16666666666666666,JohnsTown,PA,5940,5235,473,10943,"johnstown, pa",Johnstown,PA,6288.0,3029.53656,9974.02152,4360.53996,3376.11072,0.0,4742.9256,31771.134,65347.2109375
27860,2024-04-01,18,0,0.0,Jonesboro,AR,10093,7580,1722,16882,"jonesboro, ar",,,,,,,,,,,
27900,2024-04-01,21,1,0.047619047619047616,Joplin,MO,8805,7449,914,15812,"joplin, mo",Joplin,MO,6986.95824,2925.78516,10131.70236,4669.34988,3591.77784,0.0,4956.59952,33262.1724,59521.0
27900,2024-04-01,21,1,0.047619047619047616,Joplin,MO,8805,7449,914,15812,"joplin, mo",Joplin,MO,6293.66532,2707.90776,10756.92996,4669.34988,3261.62508,0.0,4797.95916,32487.4368,64006.17578125
28100,2024-04-01,13,3,0.23076923076923078,Kankakee,IL,4315,6393,-2183,10603,"kankakee, il",Kankakee,IL,7680.0,3008.78664,9978.70824,5149.34988,3872.96892,0.0,5857.21104,35547.024,75231.4375
28740,2024-04-01,14,1,0.07142857142857142,Kingston,NY,8688,7700,495,15895,"kingston, ny",Kingston,NY,10320.0,3579.4182,11197.03416,6112.53996,5036.30748,0.0,7375.24224,43620.5424,85049.9453125
28940,2024-04-01,111,5,0.04504504504504504,Knoxville,TN,42492,30348,9895,70591,"knoxville, tn",,,,,,,,,,,
29020,2024-04-01,18,2,0.1111111111111111,Kokomo,IN,4197,3992,131,8115,"kokomo, in",Kokomo,IN,6912.0,2863.53456,10282.7358,4801.34988,3542.06172,0.0,4994.03316,33395.7156,66264.1640625
29180,2024-04-01,56,1,0.017857142857142856,Lafayette,LA,15436,17190,-2644,31736,"lafayette, la",,,,,,,,,,,
29340,2024-04-01,38,2,0.05263157894736842,Lake Charles,LA,8307,8384,-894,15874,"lake charles, la",Lake Charles,LA,7788.09012,3351.16548,10375.93728,5461.47984,4036.1916,0.0,5580.1776,36593.0424,67001.4296875
29340,2024-04-01,38,2,0.05263157894736842,Lake Charles,LA,8307,8384,-894,15874,"lake charles, la",Lake Charles,LA,8471.41992,2977.66092,12055.7676,6109.47984,4148.45364,0.0,6227.71068,39990.492,65246.58203125
29540,2024-04-01,72,6,0.08333333333333333,Lancaster,PA,21452,21405,-1104,41706,"lancaster, pa",Lancaster,PA,8208.0,3527.54256,9737.1936,5008.53996,4252.24992,0.0,5597.89272,36331.4184,80750.625
29700,2024-04-01,23,2,0.08695652173913043,Laredo,TX,6531,7228,-3932,10524,"laredo, tx",Laredo,TX,8760.0,2718.28272,9034.75044,4321.47984,4159.03452,0.0,4243.93356,33237.48,51308.4453125
29740,2024-04-01,37,3,0.08108108108108109,Las Cruces,NM,14794,11177,2304,24658,"las cruces, nm",Las Cruces,NM,6852.0,3050.28684,10020.3516,3740.37996,3587.98896,0.0,4501.55856,31752.5652,50962.40234375
29940,2024-04-01,35,1,0.02857142857142857,Lawrence,KS,13833,12135,765,25035,"lawrence, ks",Lawrence,KS,8544.0,3486.04212,9496.11396,5773.34988,4358.95896,0.0,6045.70716,37704.1728,90440.78125
30020,2024-04-01,15,2,0.13333333333333333,Lawton,OK,16554,11873,3346,27092,"lawton, ok",,,,,,,,,,,
30140,2024-04-01,27,3,0.1111111111111111,Lebanon,PA,8251,8238,-569,15907,"lebanon, pa",Lebanon,PA,8532.0,3216.28896,9929.24052,4984.53996,4256.86812,0.0,5640.58596,36559.524,75450.1484375
30620,2024-04-01,23,1,0.043478260869565216,Lima,OH,5485,6024,-869,11179,"lima, oh",Lima,OH,6456.0,2811.65916,9916.80468,4369.34988,3358.0386,0.0,4297.31832,31209.1704,66157.375
30700,2024-04-01,118,8,0.06779661016949153,Lincoln,NE,25309,15716,7646,39078,"lincoln, ne",,,,,,,,,,,
30980,2024-04-01,32,1,0.03125,Longview,TX,16448,13246,2903,29395,"longview, tx",,,,,,,,,,,
31020,2024-04-01,11,1,0.09090909090909091,Longview,WA,7404,6448,726,13622,"longview, wa",Longview,WA,8112.0,3205.9134,11145.58152,4820.37996,4100.92644,0.0,4721.24592,36106.0488,70254.4140625
31180,2024-04-01,87,4,0.04597701149425287,Lubbock,TX,30845,18183,10803,47169,"lubbock, tx",,,,,,,,,,,
31340,2024-04-01,73,0,0.0,Lynchburg,VA,16272,11309,3949,26567,"lynchburg, va",Lynchburg,VA,6753.6438,3060.66216,11004.21096,5437.47984,3556.11,0.0,5748.39072,35560.4976,72444.6328125
31340,2024-04-01,73,0,0.0,Lynchburg,VA,16272,11309,3949,26567,"lynchburg, va",Lynchburg,VA,6410.3958,3133.28796,11833.36524,5437.47984,3458.05296,0.0,5868.13656,36140.7192,70459.7734375
31340,2024-04-01,73,0,0.0,Lynchburg,VA,16272,11309,3949,26567,"lynchburg, va",Lynchburg,VA,7931.8206,3351.16548,11246.89236,5437.47984,4088.27088,0.0,6331.04292,38386.6728,78589.15625
31340,2024-04-01,73,0,0.0,Lynchburg,VA,16272,11309,3949,26567,"lynchburg, va",Lynchburg,VA,7022.67624,3071.037,10962.19488,5437.47984,3657.35052,0.0,5836.45716,35987.1948,66010.5390625
31340,2024-04-01,73,0,0.0,Lynchburg,VA,16272,11309,3949,26567,"lynchburg, va",Lynchburg,VA,7950.375,3122.91252,8953.28316,5437.47984,4012.28868,0.0,5661.0234,35137.362,63529.7265625
31460,2024-04-01,9,2,0.2222222222222222,Madera,CA,9462,8275,597,17147,"madera, ca",Madera,CA,10500.0,4118.92488,12567.9708,4376.37996,5297.01312,0.0,6774.0198,43634.3088,63043.01171875
31540,2024-04-01,229,16,0.06986899563318777,Madison,WI,40606,32238,3693,68169,"madison, wi",,,,,,,,,,,
31740,2024-04-01,10,2,0.2,Manhattan,KS,16485,16254,-1733,30775,"manhattan, ks",Manhattan,KS,7822.17552,3071.037,11537.63676,5773.34988,3947.04048,0.0,6173.49384,38324.7336,80885.140625
31740,2024-04-01,10,2,0.2,Manhattan,KS,16485,16254,-1733,30775,"manhattan, ks",Manhattan,KS,8664.84516,3963.29772,9709.80756,5653.34988,4575.67416,0.0,6281.25588,38848.23,76325.0078125
31860,2024-04-01,20,2,0.1,Mankato,MN,8789,7245,1009,15499,"mankato, mn",,,,,,,,,,,
31900,2024-04-01,17,1,0.058823529411764705,Mansfield,OH,7889,6243,1525,14011,"mansfield, oh",Mansfield,OH,5940.0,2873.90976,10120.38936,4453.34988,3193.62708,0.0,4220.78316,30802.0608,63726.87890625
32780,2024-04-01,36,3,0.08333333333333333,Medford,OR,12128,10981,473,22435,"medford, or",Medford,OR,8724.0,3434.16648,10674.09444,5396.37996,4405.38312,0.0,7336.01148,39970.0368,68256.2109375
32900,2024-04-01,13,2,0.15384615384615385,Merced,CA,15245,12699,1165,26563,"merced, ca",Merced,CA,8688.0,3371.91576,11749.08984,5252.37996,4369.78308,0.0,5825.82024,39256.9896,60450.27734375
33220,2024-04-01,39,1,0.02564102564102564,Midland,MI,4751,6165,-1790,10540,"midland, mi",Midland,MI,6540.0,3071.037,10478.50704,4441.34988,3482.4576,0.0,4920.38268,32933.7336,79358.25
33260,2024-04-01,67,2,0.029850746268656716,Midland,TX,14759,12866,814,26546,"midland, tx",,,,,,,,,,,
33540,2024-04-01,34,3,0.08823529411764706,Missoula,MT,11674,8080,2894,19054,"missoula, mt",Missoula,MT,8220.0,3371.91576,10173.44532,4520.37996,4200.20832,0.0,5833.66812,36319.6176,75618.546875
33660,2024-04-01,60,2,0.03333333333333333,Mobile,AL,12953,17459,-5232,29686,"mobile, al",Mobile,AL,7704.0,3278.53968,9830.61624,5545.47984,3979.40736,0.0,5787.98436,36126.0264,62409.4609375
33700,2024-04-01,45,3,0.06666666666666667,Modesto,CA,22922,21870,-2368,41372,"modesto, ca",Modesto,CA,10680.0,3423.7914,11043.4578,5000.37996,5110.35972,0.0,6352.18356,41610.1728,69057.1328125
33740,2024-04-01,19,1,0.05263157894736842,Monroe,LA,5726,7269,-1951,12587,"monroe, la",Monroe,LA,7393.29492,3237.03924,9987.90156,6229.4802,3851.7894,0.0,5506.27548,36205.7808,54595.3125
33740,2024-04-01,19,1,0.05263157894736842,Monroe,LA,5726,7269,-1951,12587,"monroe, la",Monroe,LA,5467.9578,3195.53868,11416.17336,6229.4802,3139.12644,0.0,5210.88684,34659.1644,62528.5703125
33780,2024-04-01,18,2,0.1111111111111111,Monroe,MI,6730,7737,-1230,14244,"monroe, mi",Monroe,MI,7512.0,3112.53768,10560.65772,3937.34988,3849.68916,0.0,5052.57024,34024.8048,79335.6640625
33860,2024-04-01,61,5,0.08196721311475409,Montgomery,AL,22807,18460,1159,38079,"montgomery, al",Montgomery,AL,8505.72876,3454.91712,10829.16876,5737.47984,4333.81344,0.0,6392.94504,39254.0532,73010.4140625
33860,2024-04-01,61,5,0.08196721311475409,Montgomery,AL,22807,18460,1159,38079,"montgomery, al",Montgomery,AL,7694.83812,3486.04212,11058.42624,5737.47984,4051.27368,0.0,6193.33596,38221.3944,74491.09375
33860,2024-04-01,61,5,0.08196721311475409,Montgomery,AL,22807,18460,1159,38079,"montgomery, al",Montgomery,AL,5055.12888,3454.91712,11591.01636,5737.47984,3083.5254,0.0,5447.87292,34369.9392,42555.77734375
33860,2024-04-01,61,5,0.08196721311475409,Montgomery,AL,22807,18460,1159,38079,"montgomery, al",Montgomery,AL,7625.82564,3382.29084,9378.9456,5737.47984,3988.67472,0.0,5734.00596,35847.2232,64886.1640625
34060,2024-04-01,97,1,0.010309278350515464,MorganTown,WV,13926,7768,5090,20626,"morgantown, wv",Morgantown,WV,8739.23808,3050.28684,9756.90012,7861.4802,4271.80956,0.0,6518.61696,40198.3332,81618.296875
34060,2024-04-01,97,1,0.010309278350515464,MorganTown,WV,13926,7768,5090,20626,"morgantown, wv",Morgantown,WV,6978.81588,3029.53656,11422.6692,8509.4802,3626.42064,0.0,6489.71856,40056.642,67385.4609375
34100,2024-04-01,13,1,0.07692307692307693,MorrisTown,TN,7465,6775,243,13793,"morristown, tn",Morristown,TN,7010.2434,3029.53656,10353.23808,4729.47984,3637.80804,0.0,4197.31452,32957.6196,56017.46875
34100,2024-04-01,13,1,0.07692307692307693,MorrisTown,TN,7465,6775,243,13793,"morristown, tn",Morristown,TN,6495.20508,3361.54068,10918.05396,4729.47984,3571.48788,0.0,4260.36516,33336.132,61194.7265625
34620,2024-04-01,19,3,0.15789473684210525,Muncie,IN,11024,6978,3801,17757,"muncie, in",Muncie,IN,6744.0,2718.28272,9643.1916,4849.34988,3428.5584,0.0,4756.5744,32139.9576,61300.48828125
34740,2024-04-01,65,1,0.015384615384615385,Muskegon,MI,9295,8365,448,17178,"muskegon, mi",Muskegon,MI,7116.0,2884.28484,10102.83036,3997.34988,3623.49756,0.0,4767.68736,32491.65,62467.98828125
34900,2024-04-01,30,1,0.03333333333333333,Napa,CA,7120,9448,-2978,15918,"napa, ca",Napa,CA,15972.0,4544.30532,12179.8452,5612.37996,7433.86668,0.0,9751.57032,55493.9652,104746.5234375
35100,2024-04-01,18,3,0.16666666666666666,New Bern,NC,10186,11411,-2349,20473,"new bern, nc",,,,,,,,,,,
35660,2024-04-01,5,2,0.4,Niles,MI,8952,8396,-27,16765,"niles, mi",,,,,,,,,,,
36100,2024-04-01,66,2,0.030303030303030304,Ocala,FL,25390,15964,8395,40323,"ocala, fl",Ocala,FL,8304.0,3257.7894,10358.79204,4657.47984,4189.29204,0.0,4598.10756,35365.4616,56045.19140625
36220,2024-04-01,36,3,0.08333333333333333,Odessa,TX,11090,11390,-881,21899,"odessa, tx",Odessa,TX,10032.0,2915.41044,9496.656,5245.47984,4691.35764,0.0,4919.75976,37300.6644,75431.671875
36420,2024-04-01,288,10,0.034722222222222224,Oklahoma City,OK,64213,49561,9505,108627,"oklahoma city, ok",,,,,,,,,,,
36980,2024-04-01,25,1,0.04,Owensboro,KY,5278,5639,-624,10654,"owensboro, ky",Owensboro,KY,7379.88276,2707.90776,10058.46756,6397.4802,3655.20444,0.0,5985.627,36184.5708,67418.3203125
36980,2024-04-01,25,1,0.04,Owensboro,KY,5278,5639,-624,10654,"owensboro, ky",Owensboro,KY,6295.45308,2790.90888,11401.52412,6397.4802,3292.34724,0.0,5980.3242,36158.0388,69596.21875
36980,2024-04-01,25,1,0.04,Owensboro,KY,5278,5639,-624,10654,"owensboro, ky",Owensboro,KY,4990.2978,2728.65816,11887.10232,4561.47984,2796.88224,0.0,5174.38656,32138.8068,66199.4765625
37460,2024-04-01,29,2,0.06896551724137931,Panama City,FL,14536,16461,-2697,30225,"panama city, fl",,,,,,,,,,,
37900,2024-04-01,47,3,0.06382978723404255,Peoria,IL,14278,17923,-4707,31139,"peoria, il",Peoria,IL,6098.99232,3029.53656,11535.093,6109.34988,3307.626,0.0,5954.8476,36035.4468,74521.8984375
37900,2024-04-01,47,3,0.06382978723404255,Peoria,IL,14278,17923,-4707,31139,"peoria, il",Peoria,IL,7812.19188,3060.66216,9553.32348,6109.34988,3939.66396,0.0,6053.40636,36528.5976,75040.4453125
37900,2024-04-01,47,3,0.06382978723404255,Peoria,IL,14278,17923,-4707,31139,"peoria, il",Peoria,IL,6167.52024,2936.16048,12003.7956,6109.34988,3298.62264,0.0,6063.46104,36578.9088,69745.109375
37900,2024-04-01,47,3,0.06382978723404255,Peoria,IL,14278,17923,-4707,31139,"peoria, il",Peoria,IL,7254.17868,2946.53544,10183.46196,6109.34988,3696.12084,0.0,5982.09564,36171.7416,80979.609375
37900,2024-04-01,47,3,0.06382978723404255,Peoria,IL,14278,17923,-4707,31139,"peoria, il",Peoria,IL,7420.60332,3755.79528,11402.7678,6109.34988,4049.65032,0.0,6603.85332,39342.0204,87131.3203125
38220,2024-04-01,7,0,0.0,Pine Bluff,AR,5725,4595,808,9998,"pine bluff, ar",Pine Bluff,AR,5697.33696,3060.66216,11858.21856,4753.47984,3173.36832,0.0,5184.40608,33727.4712,57405.73828125
38220,2024-04-01,7,0,0.0,Pine Bluff,AR,5725,4595,808,9998,"pine bluff, ar",Pine Bluff,AR,6692.11008,3019.1616,10126.3836,4753.47984,3518.77656,0.0,5074.73256,33184.644,53527.4140625
38220,2024-04-01,7,0,0.0,Pine Bluff,AR,5725,4595,808,9998,"pine bluff, ar",Pine Bluff,AR,4829.17128,2946.53544,11251.82964,4753.47984,2817.44532,0.0,4691.26752,31289.73,59296.125
38300,2024-04-01,457,22,0.04814004376367615,Pittsburgh,PA,71194,70975,-9051,132899,"pittsburgh, pa",,,,,,,,,,,
38340,2024-04-01,37,2,0.05405405405405406,Pittsfield,MA,5746,5241,-41,10441,"pittsfield, ma",,,,,,,,,,,
38540,2024-04-01,12,0,0.0,Pocatello,ID,7350,6430,587,13447,"pocatello, id",Pocatello,ID,6192.0,3257.7894,10065.89064,4976.37996,3424.03128,0.0,5025.924,32942.016,66481.8515625
39380,2024-04-01,48,3,0.0625,Pueblo,CO,8327,8868,-871,16865,"pueblo, co",Pueblo,CO,7572.0,3112.53768,10177.70364,4280.37996,3871.42968,0.0,5162.19144,34176.2436,61752.29296875
39460,2024-04-01,8,2,0.25,Punta Gorda,FL,15953,9538,5582,24658,"punta gorda, fl",Punta Gorda,FL,9588.0,3506.7924,10102.48752,4645.47984,4744.75968,0.0,4960.90608,37548.4248,64146.8515625
39540,2024-04-01,34,7,0.20588235294117646,Racine,WI,9848,8580,749,17909,"racine, wi",Racine,WI,7176.0,3008.78664,9554.78388,5425.34988,3690.35004,0.0,5022.10548,33877.3764,79186.7734375
39660,2024-04-01,34,2,0.058823529411764705,Rapid City,SD,11510,10046,625,20717,"rapid city, sd",,,,,,,,,,,
39740,2024-04-01,61,2,0.03278688524590164,Reading,PA,18894,16753,981,34487,"reading, pa",Reading,PA,7536.0,3299.28996,9704.98392,5404.53996,3926.0526,0.0,5399.12508,35269.992,79812.109375
39820,2024-04-01,32,2,0.0625,Redding,CA,9651,9022,-29,18015,"redding, ca",Redding,CA,9648.0,3361.54068,11472.2058,6260.38032,4713.86976,0.0,6404.30052,41860.2984,68399.9609375
39900,2024-04-01,158,10,0.06329113924050633,Reno,NV,28401,22139,4199,48477,"reno, nv",Reno,NV,6007.30476,3517.16784,12936.0024,5744.37996,3451.092,0.0,4775.29872,36431.2476,76641.265625
39900,2024-04-01,158,10,0.06329113924050633,Reno,NV,28401,22139,4199,48477,"reno, nv",Reno,NV,9644.0142,3548.29284,10066.6296,4772.37996,4780.09308,0.0,5005.49232,37816.9008,81416.0078125
40060,2024-04-01,549,28,0.051001821493624776,Richmond,VA,64299,48152,9115,105419,"richmond, va",Richmond,VA,8835.66504,3320.04012,12076.2252,4993.47984,4404.4914,0.0,6721.49196,40351.3944,84043.65625
40060,2024-04-01,549,28,0.051001821493624776,Richmond,VA,64299,48152,9115,105419,"richmond, va",Richmond,VA,11691.74556,3434.16648,11453.0676,4993.47984,5480.7144,0.0,7605.41376,44658.5892,79105.6484375
40060,2024-04-01,549,28,0.051001821493624776,Richmond,VA,64299,48152,9115,105419,"richmond, va",Richmond,VA,8696.6052,3340.7904,12134.7012,4993.47984,4361.6232,0.0,6694.92192,40222.122,78038.78125
40060,2024-04-01,549,28,0.051001821493624776,Richmond,VA,64299,48152,9115,105419,"richmond, va",Richmond,VA,13381.86,3351.16548,10342.84128,4993.47984,6063.03516,0.0,7883.53128,46015.9128,98285.734375
40060,2024-04-01,549,28,0.051001821493624776,Richmond,VA,64299,48152,9115,105419,"richmond, va",Richmond,VA,10750.41576,3205.9134,11517.16044,4993.47984,5056.92852,0.0,7210.88304,42734.7804,76677.2109375
40060,2024-04-01,549,28,0.051001821493624776,Richmond,VA,64299,48152,9115,105419,"richmond, va",Richmond,VA,12921.8916,3652.04412,11880.89064,4993.47984,6005.391,0.0,8223.75372,47677.4496,115181.1328125
40060,2024-04-01,549,28,0.051001821493624776,Richmond,VA,64299,48152,9115,105419,"richmond, va",Richmond,VA,12397.7436,3361.54068,11116.41876,4993.47984,5710.21032,0.0,7741.05108,45320.4432,107879.375
40060,2024-04-01,549,28,0.051001821493624776,Richmond,VA,64299,48152,9115,105419,"richmond, va",Richmond,VA,12515.4096,3392.66604,9245.1936,4993.47984,5764.1232,0.0,7310.76192,43221.6324,93673.234375
40060,2024-04-01,549,28,0.051001821493624776,Richmond,VA,64299,48152,9115,105419,"richmond, va",Richmond,VA,11349.44388,3361.54068,11945.49972,4993.47984,5330.37012,0.0,7586.62872,44566.9632,77346.6953125
40060,2024-04-01,549,28,0.051001821493624776,Richmond,VA,64299,48152,9115,105419,"richmond, va",Richmond,VA,10803.90012,2936.16048,11915.73708,4993.47984,4978.56552,0.0,7237.71456,42865.5588,99881.421875
40060,2024-04-01,549,28,0.051001821493624776,Richmond,VA,64299,48152,9115,105419,"richmond, va",Richmond,VA,10482.9924,3330.41496,12014.7564,4993.47984,5005.14216,0.0,7289.06616,43115.8536,102904.3984375
40060,2024-04-01,549,28,0.051001821493624776,Richmond,VA,64299,48152,9115,105419,"richmond, va",Richmond,VA,14312.4936,3361.54068,11105.62284,4993.47984,6403.99956,0.0,8409.9024,48587.0388,88286.5
40060,2024-04-01,549,28,0.051001821493624776,Richmond,VA,64299,48152,9115,105419,"richmond, va",Richmond,VA,8632.42308,3216.28896,12049.4832,4993.47984,4293.2556,0.0,6623.67996,39808.6116,62739.0703125
40060,2024-04-01,549,28,0.051001821493624776,Richmond,VA,64299,48152,9115,105419,"richmond, va",Richmond,VA,11103.4146,3268.16496,9805.0452,4993.47984,5207.38992,0.0,6914.76924,41292.264,75411.1328125
40060,2024-04-01,549,28,0.051001821493624776,Richmond,VA,64299,48152,9115,105419,"richmond, va",Richmond,VA,9477.4812,3496.41756,9819.468,4993.47984,4700.955,0.0,6443.08596,38930.8884,48128.36328125
40060,2024-04-01,549,28,0.051001821493624776,Richmond,VA,64299,48152,9115,105419,"richmond, va",Richmond,VA,10129.99368,2988.03648,9154.31172,4993.47984,4753.1796,0.0,6321.54864,38340.5508,48183.8125
40060,2024-04-01,549,28,0.051001821493624776,Richmond,VA,64299,48152,9115,105419,"richmond, va",Richmond,VA,10964.35476,3351.16548,7926.37428,4993.47984,5187.07728,0.0,6426.15012,38848.602,66234.390625
40220,2024-04-01,66,4,0.06060606060606061,Roanoke,VA,14647,14077,-141,28013,"roanoke, va",,,,,,,,,,,
40340,2024-04-01,52,5,0.09615384615384616,Rochester,MN,12696,11026,332,22384,"rochester, mn",,,,,,,,,,,
40380,2024-04-01,187,3,0.016042780748663103,Rochester,NY,43380,36423,2354,75200,"rochester, ny",,,,,,,,,,,
40420,2024-04-01,62,3,0.04838709677419355,Rockford,IL,14118,13392,-776,26008,"rockford, il",Rockford,IL,6717.63864,2873.90976,10475.92452,5173.34988,3475.39632,0.0,5613.78108,34329.9996,81081.265625
40420,2024-04-01,62,3,0.04838709677419355,Rockford,IL,14118,13392,-776,26008,"rockford, il",Rockford,IL,6285.00444,2977.66092,9234.38016,5173.34988,3356.22912,0.0,5190.64272,32217.2664,68735.734375
40580,2024-04-01,32,0,0.0,Rocky Mount,NC,7483,6385,668,13438,"rocky mount, nc",Rocky Mount,NC,6628.84428,2956.91076,10640.77512,6133.47984,3473.29728,0.0,5594.65248,35427.9612,46212.3046875
40580,2024-04-01,32,0,0.0,Rocky Mount,NC,7483,6385,668,13438,"rocky mount, nc",Rocky Mount,NC,7620.7866,2801.28372,10495.25832,4693.47984,3776.32728,0.0,5480.80668,34867.9428,65243.5
40660,2024-04-01,14,2,0.14285714285714285,Rome,GA,5401,5335,-177,10493,"rome, ga",Rome,GA,7476.0,3008.78664,10682.68872,5245.47984,3799.0518,0.0,5832.375,36044.382,61637.28515625
40980,2024-04-01,23,0,0.0,Saginaw,MI,8527,9166,-1055,17277,"saginaw, mi",Saginaw,MI,6552.0,2915.41044,10069.42164,4213.34988,3430.41612,0.0,4694.62908,31875.228,62738.04296875
41420,2024-04-01,52,5,0.09615384615384616,Salem,OR,24683,20878,2168,43924,"salem, or",Salem,OR,9561.24312,3226.66368,10186.32864,4424.37996,4633.563,0.0,7168.85376,39201.0324,71803.890625
41420,2024-04-01,52,5,0.09615384615384616,Salem,OR,24683,20878,2168,43924,"salem, or",Salem,OR,9648.60504,3403.04112,10798.47144,4424.37996,4729.12608,0.0,7438.62084,40442.244,78809.9296875
41500,2024-04-01,25,3,0.12,Salinas,CA,25981,22830,-493,45167,"salinas, ca",Salinas,CA,16176.0,3569.04312,11946.5478,7916.38032,7154.40816,0.0,10156.83984,56919.2172,79007.078125
41620,2024-04-01,324,21,0.06481481481481481,Salt Lake City,UT,66941,59586,-554,118618,"salt lake city, ut",,,,,,,,,,,
41660,2024-04-01,21,1,0.047619047619047616,San Angelo,TX,9677,7884,1271,17039,"san angelo, tx",San Angelo,TX,9075.90528,2863.53456,12248.7252,5893.47984,4326.12996,0.0,5323.18356,39730.9596,72875.8984375
41660,2024-04-01,21,1,0.047619047619047616,San Angelo,TX,9677,7884,1271,17039,"san angelo, tx",San Angelo,TX,7746.6504,2853.15948,10250.09544,5893.47984,3840.72912,0.0,4561.55268,35145.6684,70791.4375
42140,2024-04-01,44,4,0.09090909090909091,Santa Fe,NM,7873,7111,356,14578,"santa fe, nm",Santa Fe,NM,9648.0,3579.4182,10073.83812,3584.37996,4792.81572,0.0,5647.42788,37325.88,75058.9296875
42340,2024-04-01,108,4,0.037037037037037035,Savannah,GA,31199,25246,3684,54176,"savannah, ga",Savannah,GA,11980.02324,3703.91928,11245.13232,4921.47984,5682.91116,0.0,7709.78544,45243.252,87323.34375
42340,2024-04-01,108,4,0.037037037037037035,Savannah,GA,31199,25246,3684,54176,"savannah, ga",Savannah,GA,10465.64064,3475.66668,9447.95064,4921.47984,5051.48544,0.0,6649.91376,40012.1364,71958.9453125
42340,2024-04-01,108,4,0.037037037037037035,Savannah,GA,31199,25246,3684,54176,"savannah, ga",Savannah,GA,9867.60348,3216.28896,11246.98536,4921.47984,4740.81,0.0,6795.69948,40788.8676,82789.90625
43100,2024-04-01,20,1,0.05,Sheboygan,WI,3851,5067,-1463,8671,"sheboygan, wi",Sheboygan,WI,6420.0,3237.03924,9856.437,4993.34988,3499.12608,0.0,4804.06236,32810.016,77918.640625
43620,2024-04-01,68,2,0.029411764705882353,Sioux Falls,SD,15404,14132,-286,27978,"sioux falls, sd",Sioux Falls,SD,8927.93256,3143.66268,10305.02496,5173.34988,4374.015,0.0,4828.71864,36752.7036,97712.765625
43620,2024-04-01,68,2,0.029411764705882353,Sioux Falls,SD,15404,14132,-286,27978,"sioux falls, sd",Sioux Falls,SD,5330.80116,3205.9134,12210.2844,6385.34988,3093.18828,0.0,4489.99404,34715.5308,78375.578125
43620,2024-04-01,68,2,0.029411764705882353,Sioux Falls,SD,15404,14132,-286,27978,"sioux falls, sd",Sioux Falls,SD,7537.28904,3185.16324,9259.00272,5173.34988,3885.1674,0.0,4253.21484,33293.1852,82364.796875
43620,2024-04-01,68,2,0.029411764705882353,Sioux Falls,SD,15404,14132,-286,27978,"sioux falls, sd",Sioux Falls,SD,6128.10348,3216.28896,12149.1132,6385.34988,3385.84164,0.0,4697.295,35961.9936,77056.109375
43900,2024-04-01,40,2,0.05,Spartanburg,SC,18312,14039,3750,31828,"spartanburg, sc",,,,,,,,,,,
44100,2024-04-01,32,5,0.15625,Springfield,IL,7908,8977,-1603,16351,"springfield, il",Springfield,IL,6613.2978,3008.78664,11378.46456,6013.34988,3486.46068,0.0,6059.6796,36560.0388,93451.4375
44100,2024-04-01,32,5,0.15625,Springfield,IL,7908,8977,-1603,16351,"springfield, il",Springfield,IL,6925.80324,3112.53768,9223.90212,6013.34988,3637.28688,0.0,5662.9764,34575.8556,85524.34375
44140,2024-04-01,65,1,0.015384615384615385,Springfield,MA,30934,23850,3900,51600,"springfield, ma",Springfield,MA,8552.75244,3486.04212,9410.17164,4348.53996,4362.12996,0.0,5679.41784,35839.0548,74012.59375
44140,2024-04-01,65,1,0.015384615384615385,Springfield,MA,30934,23850,3900,51600,"springfield, ma",Springfield,MA,10563.49872,4201.92624,10481.62212,4360.53996,5350.09608,0.0,6884.5818,41842.266,98470.5625
44180,2024-04-01,174,5,0.028735632183908046,Springfield,MO,25388,19252,4997,43501,"springfield, mo",,,,,,,,,,,
44220,2024-04-01,37,4,0.10810810810810811,Springfield,OH,6783,6260,112,12632,"springfield, oh",Springfield,OH,6276.0,2925.78516,9912.91776,4453.34988,3334.16964,0.0,4295.09184,31197.3132,64998.08984375
44300,2024-04-01,21,4,0.19047619047619047,State College,PA,20196,10681,7372,28734,"state college, pa",State College,PA,10380.0,3724.67028,10063.92852,5152.53996,5110.67796,0.0,6448.41792,40880.2356,89726.1171875
44420,2024-04-01,16,2,0.125,Staunton,VA,8182,5445,2125,13015,"staunton, va",,,,,,,,,,,
44700,2024-04-01,50,0,0.0,Stockton,CA,37046,31232,2021,64485,"stockton, ca",,,,,,,,,,,
44940,2024-04-01,50,1,0.02,Sumter,SC,6999,7422,-1206,13638,"sumter, sc",Sumter,SC,7812.0,2915.41044,10089.1362,5017.47984,3886.96404,0.0,5392.06824,35113.0572,54690.80859375
45060,2024-04-01,132,7,0.05303030303030303,Syracuse,NY,29264,29406,-4386,54426,"syracuse, ny",Syracuse,NY,7156.58784,2977.66092,11198.73492,5272.53996,3672.03804,0.0,5823.62292,36101.1852,81244.53125
45060,2024-04-01,132,7,0.05303030303030303,Syracuse,NY,29264,29406,-4386,54426,"syracuse, ny",Syracuse,NY,7970.0442,3174.7884,9305.67408,5620.53996,4038.2124,0.0,5779.13268,35888.3904,83348.5
45060,2024-04-01,132,7,0.05303030303030303,Syracuse,NY,29264,29406,-4386,54426,"syracuse, ny",Syracuse,NY,7101.74784,2842.7844,10577.11596,5272.53996,3603.29628,0.0,5590.78128,34988.2644,69073.5625
45220,2024-04-01,115,10,0.08695652173913043,Tallahassee,FL,33780,24636,7300,56572,"tallahassee, fl",,,,,,,,,,,
45460,2024-04-01,20,0,0.0,Terre Haute,IN,11109,8481,2103,19065,"terre haute, in",,,,,,,,,,,
45540,2024-04-01,12,2,0.16666666666666666,The Villages,FL,11198,7464,3048,17976,"the villages, fl",The Villages,FL,8592.0,3579.4182,10542.498,4549.47984,4410.18492,0.0,4778.81652,36452.3964,72456.953125
45780,2024-04-01,66,2,0.030303030303030304,Toledo,OH,28408,24714,1837,51265,"toledo, oh",Toledo,OH,6205.3572,3050.28684,11082.30108,4501.34988,3353.68464,0.0,4593.44712,32786.4252,75081.5234375
45780,2024-04-01,66,2,0.030303030303030304,Toledo,OH,28408,24714,1837,51265,"toledo, oh",Toledo,OH,6341.5518,2956.91076,9137.87628,4501.34988,3369.19956,0.0,4157.21664,30464.1036,66438.7265625
45780,2024-04-01,66,2,0.030303030303030304,Toledo,OH,28408,24714,1837,51265,"toledo, oh",Toledo,OH,6809.71944,3019.1616,10208.77584,4501.34988,3561.39108,0.0,4572.06624,32672.4636,85241.9609375
45820,2024-04-01,71,9,0.1267605633802817,Topeka,KS,9406,10309,-1282,19336,"topeka, ks",Topeka,KS,6415.8684,3195.53868,11663.56128,5773.34988,3482.59164,0.0,5753.0742,36283.9836,68753.1953125
45820,2024-04-01,71,9,0.1267605633802817,Topeka,KS,9406,10309,-1282,19336,"topeka, ks",Topeka,KS,6810.1392,3403.04112,11710.45536,5773.34988,3700.63812,0.0,5978.03724,37375.6608,81440.65625
45820,2024-04-01,71,9,0.1267605633802817,Topeka,KS,9406,10309,-1282,19336,"topeka, ks",Topeka,KS,6415.8684,3185.16324,11256.40872,5773.34988,3478.83216,0.0,5643.63684,35753.2584,67287.9140625
45820,2024-04-01,71,9,0.1267605633802817,Topeka,KS,9406,10309,-1282,19336,"topeka, ks",Topeka,KS,7392.58524,3071.037,9242.625,5773.34988,3791.38296,0.0,5425.6446,34696.626,76753.1953125
45820,2024-04-01,71,9,0.1267605633802817,Topeka,KS,9406,10309,-1282,19336,"topeka, ks",Topeka,KS,5994.71484,3143.66268,12282.4548,5773.34988,3311.19468,0.0,5746.43952,36251.8152,74757.046875
46060,2024-04-01,203,7,0.034482758620689655,Tucson,AZ,68666,45015,16121,106151,"tucson, az",Tucson,AZ,7596.0,3216.28896,9829.50072,3968.37996,3917.71836,0.0,4651.86144,33179.748,68517.0234375
46140,2024-04-01,196,10,0.05102040816326531,Tulsa,OK,39647,36473,317,73263,"tulsa, ok",,,,,,,,,,,
46220,2024-04-01,30,6,0.2,Tuscaloosa,AL,17438,11603,5061,28267,"tuscaloosa, al",,,,,,,,,,,
46300,2024-04-01,17,4,0.23529411764705882,Twin Falls,ID,7302,4964,2251,12179,"twin falls, id",,,,,,,,,,,
46340,2024-04-01,71,2,0.028169014084507043,Tyler,TX,14234,12456,856,25768,"tyler, tx",Tyler,TX,10764.0,3029.53656,10415.17452,5041.47984,4997.94252,0.0,5291.4258,39539.5608,71438.34375
46660,2024-04-01,12,1,0.08333333333333333,Valdosta,GA,9271,8018,729,16765,"valdosta, ga",Valdosta,GA,6156.00216,3247.41468,11373.91332,5113.47984,3407.22876,0.0,5594.48436,34892.5224,50520.8671875
46660,2024-04-01,12,1,0.08333333333333333,Valdosta,GA,9271,8018,729,16765,"valdosta, ga",Valdosta,GA,6012.2124,3154.03824,11630.02656,5113.47984,3321.29412,0.0,5577.03108,34808.0832,55208.328125
46660,2024-04-01,12,1,0.08333333333333333,Valdosta,GA,9271,8018,729,16765,"valdosta, ga",Valdosta,GA,6398.64768,3205.9134,10937.62572,5113.47984,3480.11136,0.0,5552.20716,34687.986,57282.51953125
46660,2024-04-01,12,1,0.08333333333333333,Valdosta,GA,9271,8018,729,16765,"valdosta, ga",Valdosta,GA,7207.46484,3237.03924,10471.0356,5113.47984,3784.45572,0.0,5728.68168,35542.1568,57585.4296875
46700,2024-04-01,16,2,0.125,Vallejo,CA,30586,24593,3454,52640,"vallejo, ca",,,,,,,,,,,
47020,2024-04-01,21,2,0.09523809523809523,Victoria,TX,4721,4602,-177,9027,"victoria, tx",Victoria,TX,6023.35764,2749.40844,12264.2412,5701.47984,3178.719,0.0,4428.44532,34345.6524,82787.8515625
47020,2024-04-01,21,2,0.09523809523809523,Victoria,TX,4721,4602,-177,9027,"victoria, tx",Victoria,TX,8790.84672,2583.40644,10235.62284,5701.47984,4121.34048,0.0,4730.79084,36163.488,70408.4375
47300,2024-04-01,29,2,0.06896551724137931,Visalia,CA,12732,13044,-1770,24318,"visalia, ca",,,,,,,,,,,
47380,2024-04-01,66,3,0.045454545454545456,Waco,TX,19695,14260,4368,32888,"waco, tx",,,,,,,,,,,
47460,2024-04-01,11,0,0.0,Walla Walla,WA,6238,5026,1011,11063,"walla walla, wa",,,,,,,,,,,
47580,2024-04-01,19,3,0.15789473684210525,Warner Robins,GA,11539,12037,-1270,22804,"warner robins, ga",,,,,,,,,,,
48300,2024-04-01,17,1,0.058823529411764705,Wenatchee,WA,6018,5285,203,10773,"wenatchee, wa",Wenatchee,WA,8808.0,3714.29484,11323.3836,4532.37996,4537.32132,0.0,5026.1994,37941.5796,70571.703125
48300,2024-04-01,17,1,0.058823529411764705,Wenatchee,WA,6018,5285,203,10773,"wenatchee, wa",Wenatchee,WA,8808.0,3309.66504,11243.45952,4532.37996,4390.70796,0.0,4900.49232,37184.7036,72097.5625
48620,2024-04-01,126,10,0.07936507936507936,Wichita,KS,27781,25328,-23,50633,"wichita, ks",,,,,,,,,,,
48660,2024-04-01,32,2,0.0625,Wichita Falls,TX,14232,9771,3521,23063,"wichita falls, tx",Wichita Falls,TX,5662.50552,2998.41132,12042.2016,6253.4802,3138.19152,0.0,4463.89452,34558.6848,85916.5859375
48660,2024-04-01,32,2,0.0625,Wichita Falls,TX,14232,9771,3521,23063,"wichita falls, tx",Wichita Falls,TX,6551.439,2967.28584,12042.4308,6253.4802,3449.0094,0.0,4697.09184,35960.736,71690.9375
48660,2024-04-01,32,2,0.0625,Wichita Falls,TX,14232,9771,3521,23063,"wichita falls, tx",Wichita Falls,TX,7084.7988,2956.91076,9901.53732,6253.4802,3638.5074,0.0,4412.0742,34247.3088,65570.03125
48700,2024-04-01,18,2,0.1111111111111111,Williamsport,PA,5497,4931,232,10094,"williamsport, pa",Williamsport,PA,8208.0,3216.28896,10193.95236,4348.53996,4139.47044,0.0,5453.38476,35559.636,68613.546875
48900,2024-04-01,117,9,0.07692307692307693,Wilmington,NC,23296,16473,5984,38930,"wilmington, nc",,,,,,,,,,,
49180,2024-04-01,170,2,0.011764705882352941,Winston-Salem,NC,31988,27435,2872,57742,"winston-salem, nc",,,,,,,,,,,
49420,2024-04-01,24,2,0.08333333333333333,Yakima,WA,8488,7885,-156,15614,"yakima, wa",Yakima,WA,8664.0,3112.53768,11162.69316,4052.37996,4267.10412,0.0,4696.10928,35954.8248,60888.73046875
49700,2024-04-01,8,3,0.375,Yuba City,CA,10474,8819,578,18216,"yuba city, ca",Yuba City,CA,10630.52712,3019.1616,11474.15772,5480.37996,4945.82076,0.0,6429.05856,41979.1056,67039.421875
49700,2024-04-01,8,3,0.375,Yuba City,CA,10474,8819,578,18216,"yuba city, ca",Yuba City,CA,10311.50832,3226.66368,11764.89996,5480.37996,4905.41376,0.0,6465.60576,42154.4712,69110.5234375
49740,2024-04-01,29,1,0.034482758620689655,Yuma,AZ,15963,10014,2189,22217,"yuma, az",Yuma,AZ,7980.0,2822.03412,10322.24124,6740.38032,3914.0028,0.0,5389.96692,37168.626,51688.37109375
